<?xml version='1.0' encoding='utf-8'?>
<archive xmlns="http://rs.tdwg.org/dwc/text/">
  <core encoding="UTF-8" fieldsTerminatedBy="," linesTerminatedBy="\n" fieldsEnclosedBy='"' ignoreHeaderLines="0" rowType="http://rs.tdwg.org/dwc/terms/Taxon">
    <files>
      <location>ipni.csv</location>
    </files>
    <id index="0" />
    <field index="0" term="http://rs.tdwg.org/dwc/terms/taxonID"/>
    <field index="1" term="http://rs.tdwg.org/dwc/terms/scientificName"/>
    <field index="2" term="http://rs.tdwg.org/dwc/terms/scientificNameAuthorship"/>
    <field index="3" term="http://rs.tdwg.org/dwc/terms/taxonRank"/>
    <field index="4" term="http://rs.tdwg.org/dwc/terms/family"/>
    <field index="5" term="http://rs.tdwg.org/dwc/terms/originalNameUsageID"/>
    <field index="6" term="http://rs.tdwg.org/dwc/terms/parentNameUsageID"/>
    <field index="7" term="http://rs.tdwg.org/dwc/terms/namePublishedInID"/>
    <field index="8" term="http://rs.tdwg.org/dwc/terms/namePublishedInYear"/>
    <field index="9" term="http://rs.tdwg.org/dwc/terms/namePublishedIn"/>
    <field index="10" term="http://rs.tdwg.org/dwc/terms/nomenclaturalStatus"/>
    <field index="11" term="http://purl.org/dc/terms/references"/>	

    <field default="Plantae" term="http://rs.tdwg.org/dwc/terms/kingdom"/>
    <field default="ICNafp" term="http://rs.tdwg.org/dwc/terms/nomenclaturalCode"/>
  </core>
</archive>
